n_estimators,min_child_weight,max_depth,learning_rate,rmse
1400,2.0,3,0.05,-41231478.31524344
950,1.0,7,0.07,-60866216.24028993
1000,2.0,5,0.05,-43331260.45657379
1250,1.0,3,0.06,-56636102.03615278
800,2.0,5,0.05,-42688920.66948724
1300,2.0,3,0.07,-42514695.16338718
1550,1.0,7,0.05,-57367973.80130837
600,1.0,3,0.07,-54542815.87774457
550,1.5,5,0.06,-38874137.00045947
600,1.0,5,0.06,-54990344.560660616
